latitude,longitude,name,unitid,opeid,super_opeid,par_q1,kq5_cond_parq1,mr_kq5_pq1
32.468943,-99.709797,Abilene Christian University,222178,3537,3537,0.052441355,0.27390283,0.014363836
31.481889,-83.528281,Abraham Baldwin Agricultural College,138558,1541,1541,0.15455516,0.096129663,0.014857335
37.473636,-105.879642,Adams State University,126182,1345,1345,0.12922439,0.14582914,0.018844681
40.721439,-73.653321,Adelphi University,188429,2666,2666,0.087048024,0.37433442,0.032585073
41.898591,-84.061481,Adrian College,168528,2234,2234,0.060760289,0.15741579,0.009564629
33.769268,-84.295459,Agnes Scott College,138600,1542,1542,0.072003044,0.20477132,0.014744159
31.56928,-84.141825,Albany State University,138716,1544,1544,0.2330108,0.11070278,0.025794942
41.332519,-72.923848,Albertus Magnus College,128498,1374,1374,0.12973523,0.42551869,0.055204768
42.245049,-84.745639,Albion College,168546,2235,2235,0.022652306,0.30077225,0.006813185
40.361351,-75.909742,Albright College,210571,3229,3229,0.051434021,0.26647335,0.013705797
39.158067,-80.047728,Alderson Broaddus University,237118,3806,3806,0.12749578,0.21464056,0.027365765
42.254476,-77.788106,Alfred University,188641,2668,2668,0.065330885,0.22609419,0.014770933
43.38004,-84.672053,Alma College,168591,2236,2236,0.050117996,0.23263311,0.011659105
45.081647,-83.445069,Alpena Community College,168607,2237,2237,0.15903667,0.096057676,0.015276693
40.310028,-75.936754,Alvernia University,210775,3233,3233,0.066485949,0.3286742,0.021852216
42.982842,-87.965174,Alverno College,238193,3832,3832,0.15033281,0.17699276,0.026607819
42.112346,-72.558338,American International College,164447,2114,2114,0.1455442,0.18479864,0.026896371
37.299743,-80.023602,American National University,232797,3726,3726,0.29305914,0.033071224,0.009691824
38.936005,-77.088875,American University,131159,1434,1434,0.035309114,0.36376554,0.012844238
42.372459,-72.518493,Amherst College,164465,2115,2115,0.042215958,0.46467811,0.019616831
41.963859,-86.355815,Andrews University,168740,2238,2238,0.093424968,0.25738013,0.02404573
31.440914,-100.465051,Angelo State University,222831,3541,3541,0.11666122,0.18082206,0.021094922
42.330542,-71.91896,Anna Maria College,164492,2117,2117,0.050080616,0.33853337,0.01695396
34.676207,-118.186166,Antelope Valley College,109350,1113,1113,0.1640186,0.1175501,0.019280404
36.215536,-81.680583,Appalachian State University,197869,2906,2906,0.035452351,0.15233073,0.005400483
42.96019,-85.628785,Aquinas College,168786,2239,2239,0.034027312,0.1716297,0.005840097
39.607505,-105.018631,Arapahoe Community College,126289,1346,1346,0.057288367,0.16512364,0.009459664
40.092606,-75.163876,Arcadia University,211088,3235,3235,0.057861663,0.33356515,0.019300634
35.293237,-93.13562,Arkansas Tech University,106467,1089,1089,0.13475393,0.15711419,0.021171754
40.861755,-82.321061,Ashland University,201104,3012,3012,0.048849329,0.11541358,0.005637876
32.599378,-85.488258,Auburn University,100858,1009,1009,0.033321194,0.31986362,0.010658238
41.753631,-88.349023,Aurora University,143118,1634,1634,0.073590219,0.15014251,0.01104902
33.646345,-96.596331,Austin College,222983,3543,3543,0.057600904,0.39560169,0.022787016
36.533319,-87.354081,Austin Peay State University,219602,3478,3478,0.11998721,0.11463448,0.013754671
36.577287,-79.413203,Averett University,231420,3702,3702,0.081789628,0.071058407,0.005811841
38.91339,-94.591758,Avila University,176628,2449,2449,0.065208554,0.080605045,0.005256138
34.130047,-117.888375,Azusa Pacific University,109785,1117,1117,0.049204983,0.30893567,0.015201175
42.297017,-71.264057,Babson College,164580,2121,2121,0.041080918,0.68151629,0.027997315
42.974764,-83.694679,Baker College,168847,4673,4673,0.16952464,0.05303809,0.008991263
38.777278,-95.188231,Baker University,154688,1903,1903,0.034607053,0.36957121,0.01278977
41.373017,-81.851145,Baldwin Wallace University,201195,3014,3014,0.037171356,0.30834982,0.011461781
40.203431,-85.409043,Ball State University,150136,1786,1786,0.045373358,0.17064112,0.007742561
37.239696,-93.284286,Baptist Bible College,176664,13208,13208,0.11958838,0.203393,0.024323437
42.020386,-73.909927,Bard College,189088,2671,2671,0.064892881,0.23605846,0.015318513
40.810098,-73.963346,Barnard College,189097,2708,2708,0.065402597,0.52820206,0.034545787
25.878908,-80.198925,Barry University,132471,1466,1466,0.15535042,0.2299525,0.035723217
35.734376,-77.913867,Barton College,197911,2908,2908,0.074892856,0.072260857,0.005411822
44.105299,-70.203333,Bates College,160977,2036,2036,0.018359207,0.41292965,0.007581061
42.35176,-71.076991,Bay State College,164641,3965,3965,0.20492889,0.078499854,0.016086888
31.546872,-97.121041,Baylor University,223232,3545,3545,0.040205304,0.34165895,0.013736501
42.269171,-71.811894,Becker College,164720,2123,2123,0.093802117,0.09549436,0.008957573
32.318415,-90.169228,Belhaven University,175421,2397,2397,0.12699437,0.25175017,0.031970855
38.219279,-85.704997,Bellarmine University,156286,1954,1954,0.030137699,0.31309268,0.009435893
47.584014,-122.150118,Bellevue College,234669,3769,3769,0.064948902,0.2294879,0.014904987
41.150225,-95.91764,Bellevue University,180814,9743,9743,0.078210875,0.12651467,0.009894824
48.766189,-122.51216,Bellingham Technical College,234696,4999,4999,0.12366497,0.095473111,0.011806679
36.135589,-86.794807,Belmont University,219709,3479,3479,0.029190464,0.19804944,0.005781155
42.504022,-89.029285,Beloit College,238333,3835,3835,0.037870955,0.23815231,0.009019055
39.572646,-95.111473,Benedictine College,154712,10256,10256,0.057753913,0.18237427,0.010532828
41.777569,-88.097307,Benedictine University,145619,1767,1767,0.029397815,0.37920541,0.01114781
36.067531,-79.77998,Bennett College,197993,2911,2911,0.18299079,0.21229878,0.03884872
42.919547,-73.237799,Bennington College,230816,3682,3682,0.091063254,0.10174942,0.009265633
42.385995,-71.222839,Bentley University,164739,2124,2124,0.048559688,0.60582417,0.029418632
34.290414,-85.189202,Berry College,139144,1554,1554,0.039542001,0.30736792,0.012153942
44.166649,-93.990805,Bethany Lutheran College,173142,2337,2337,0.069232777,0.1157753,0.008015445
42.087868,-75.966889,Binghamton University,196079,2836,2836,0.094252944,0.53978479,0.050876305
33.906203,-118.014374,Biola University,110097,1122,1122,0.06932281,0.25938499,0.017981296
46.821459,-100.816534,Bismarck State College,200022,2988,2988,0.10096104,0.24954949,0.025194777
40.795105,-74.194309,Bloomfield College,183822,2597,2597,0.26851264,0.22484525,0.060373791
37.265732,-81.239037,Bluefield State College,237215,3809,3809,0.18389632,0.065168165,0.011984185
40.895606,-83.899439,Bluffton University,201371,3016,3016,0.029008986,0.051751398,0.001501256
43.604284,-116.203301,Boise State University,142115,1616,1616,0.074792609,0.17081921,0.012776014
40.833434,-73.9458,Boricua College,189413,13029,13029,0.46651521,0.077926137,0.03635373
42.336213,-71.169242,Boston College,164924,2128,2128,0.028515624,0.56210756,0.016028848
43.907134,-69.963942,Bowdoin College,161004,2038,2038,0.026358966,0.41532084,0.010947428
40.696896,-89.616786,Bradley University,143358,1641,1641,0.029080324,0.40253019,0.011705709
42.365727,-71.260155,Brandeis University,165015,2133,2133,0.040012892,0.50940466,0.020382755
29.048604,-95.40934,Brazosport College,223506,7287,7287,0.13677046,0.28556961,0.039057486
34.303117,-83.821513,Brenau University,139199,1556,1556,0.067651331,0.30907479,0.020909321
35.236763,-82.729494,Brevard College,198066,2912,2912,0.07730525,0.08412838,0.006503565
42.526443,-96.428444,Briar Cliff University,152992,1846,1846,0.094580285,0.10418881,0.009854207
38.378484,-78.969007,Bridgewater College,231581,3704,3704,0.059629936,0.16413924,0.009787613
41.98749,-70.974553,Bridgewater State University,165024,2183,2183,0.047576465,0.27766919,0.013210518
43.818408,-111.782431,Brigham Young University-Idaho,142522,1625,1625,0.041382078,0.18205637,0.007533871
41.82617,-71.40385,Brown University,217156,3401,3401,0.029180808,0.53072047,0.015486852
41.920092,-71.539547,Bryant University,217165,3402,3402,0.029851424,0.53712642,0.016033988
40.02736,-75.313223,Bryn Mawr College,211273,3237,3237,0.051568918,0.35416266,0.018263785
40.954317,-76.882616,Bucknell University,211291,3238,3238,0.026475985,0.551498,0.014601452
42.642255,-95.208529,Buena Vista University,153001,1847,1847,0.058302686,0.28200078,0.016441403
39.8374,-86.172167,Butler University,150163,1788,1788,0.021009654,0.47678167,0.010017018
33.929321,-117.425619,California Baptist University,110361,1125,1125,0.076455861,0.30910993,0.023633266
34.224566,-118.878924,California Lutheran University,110413,1133,1133,0.032132387,0.38238022,0.012286789
35.409149,-78.738238,Campbell University,198136,2913,2913,0.1158799,0.26630831,0.03085978
37.343342,-85.348943,Campbellsville University,156365,1959,1959,0.11893585,0.1492499,0.017751163
42.925206,-78.852577,Canisius College,189705,2681,2681,0.071293145,0.33110139,0.023605259
39.954875,-82.937867,Capital University,201548,3023,3023,0.059900701,0.15255289,0.009138025
43.139752,-87.909045,Cardinal Stritch University,238430,3837,3837,0.06064821,0.32362387,0.019627208
40.439293,-79.963448,Carlow University,211431,3303,3303,0.11994018,0.20866561,0.025027391
40.44357,-79.941993,Carnegie Mellon University,211440,3242,3242,0.041113149,0.53203964,0.021873826
46.600771,-112.040285,Carroll College,180106,2526,2526,0.051360957,0.35451275,0.018208114
43.004527,-88.228114,Carroll University,238458,3838,3838,0.03072205,0.20873797,0.006412858
42.622969,-87.820924,Carthage College,238476,3839,3839,0.036779426,0.28285673,0.010403308
41.507419,-81.609596,Case Western Reserve University,201645,3024,3024,0.032713771,0.54677314,0.017887011
35.691443,-80.482751,Catawba College,198215,2914,2914,0.057591319,0.21742612,0.012521857
42.932489,-75.854882,Cazenovia College,189848,2685,2685,0.12061559,0.10443832,0.01259689
39.749237,-83.814692,Cedarville University,201654,3025,3025,0.030670013,0.28670186,0.00879315
41.692502,-72.765991,Central Connecticut State University,128771,1378,1378,0.05061036,0.28771573,0.014561397
43.591203,-84.77525,Central Michigan University,169248,2243,2243,0.043737322,0.23642452,0.010340575
39.715787,-83.880186,Central State University,201690,3026,3026,0.23948643,0.086268261,0.020660078
47.002687,-120.538368,Central Washington University,234827,3771,3771,0.054754861,0.25142044,0.013766491
46.715017,-122.960591,Centralia College,234845,3772,3772,0.13729216,0.12061685,0.016559748
42.8199,-103.001615,Chadron State College,180948,2539,2539,0.10851479,0.17532998,0.019025898
44.473287,-73.202746,Champlain College,230852,3684,3684,0.071677029,0.24596661,0.017630156
33.79302,-117.852518,Chapman University,111948,1164,1164,0.053395603,0.31884399,0.017024867
32.983047,-80.072587,Charleston Southern University,217688,3419,3419,0.11976121,0.17914543,0.021454673
40.448432,-79.926083,Chatham University,211556,3244,3244,0.10032528,0.16221189,0.016273953
40.08678,-75.228742,Chestnut Hill College,211583,3245,3245,0.080211788,0.1769058,0.014189931
41.718446,-87.609384,Chicago State University,144005,1694,1694,0.25747424,0.14182775,0.036516991
30.789228,-85.23139,Chipola College,133021,1472,1472,0.21384507,0.039313044,0.008406901
35.127437,-89.983241,Christian Brothers University,219833,3482,3482,0.065602966,0.40375692,0.02648765
37.062495,-76.494364,Christopher Newport University,231712,3706,3706,0.049734365,0.21768624,0.010826487
33.498444,-80.854319,Claflin University,217873,3424,3424,0.31608564,0.11363833,0.035919443
33.747628,-84.412584,Clark Atlanta University,138947,1559,1559,0.17830929,0.18507406,0.033000425
45.636133,-122.651257,Clark College,234933,3773,3773,0.075429775,0.13531354,0.01020667
42.249987,-71.823356,Clark University,165334,2139,2139,0.05281157,0.42450488,0.022418769
42.509475,-90.690487,Clarke University,153126,1852,1852,0.070276625,0.49030471,0.034456961
44.662716,-74.999359,Clarkson University,190044,2699,2699,0.055987392,0.52994031,0.029669976
34.679381,-82.835114,Clemson University,217882,3425,3425,0.031747334,0.3784273,0.012014057
41.502281,-81.674355,Cleveland State University,202134,3032,3032,0.1086647,0.14791094,0.016072698
47.176084,-122.497873,Clover Park Technical College,234951,5752,5752,0.14598779,0.073146962,0.010678563
33.794995,-79.011767,Coastal Carolina University,218724,3451,3451,0.067513563,0.15412568,0.010405573
41.988263,-91.658192,Coe College,153144,1854,1854,0.040683456,0.38398269,0.015621743
44.564211,-69.66337,Colby College,161086,2039,2039,0.014857688,0.60828108,0.00903765
43.411663,-71.975805,Colby-Sawyer College,182634,2572,2572,0.039272387,0.25267395,0.009923109
42.819475,-75.536346,Colgate University,190099,2701,2701,0.02392368,0.36535689,0.008740681
39.71388,-105.09456,Colorado Christian University,126669,9401,9401,0.041456532,0.085705101,0.003553036
38.84886,-104.822697,Colorado College,126678,1347,1347,0.048108205,0.37885079,0.018225832
39.080643,-108.553275,Colorado Mesa University,127556,1358,1358,0.088197485,0.22757122,0.020071208
39.54636,-107.324441,Colorado Mountain College,126711,4506,4506,0.093963735,0.11600465,0.01090023
46.25216,-119.12103,Columbia Basin College,234979,3774,3774,0.10458976,0.16600052,0.017361954
34.07551,-81.07443,Columbia International University,217925,3429,3429,0.1183475,0.011908337,0.001409322
32.50096,-84.94106,Columbus State University,139366,1561,1561,0.1078043,0.16551189,0.017842893
30.420232,-97.835703,Concordia University Texas,224004,3557,3557,0.053078007,0.23048796,0.012233841
41.379833,-72.107321,Connecticut College,128902,1379,1379,0.031054907,0.50867635,0.015796896
34.955534,-81.917881,Converse College,217961,3431,3431,0.078901567,0.087477542,0.006902115
44.882399,-122.961129,Corban University,210331,1339,1339,0.045662422,0.10328754,0.004716359
41.924554,-91.423741,Cornell College,153162,1856,1856,0.035137136,0.24787064,0.008709464
42.4472,-76.483084,Cornell University,190415,2711,2711,0.048977412,0.59354371,0.029070236
42.979966,-85.595328,Cornerstone University,170037,2266,2266,0.03950521,0.083443947,0.003296471
34.965161,-85.375066,Covenant College,139393,3484,3484,0.072564371,0.29661569,0.021523731
41.265361,-95.947811,Creighton University,181002,2542,2542,0.029984152,0.53443873,0.016024692
44.885393,-93.743019,Crown College,174862,2383,2383,0.075402565,0.14001969,0.010557843
36.204514,-86.298782,Cumberland University,219949,3485,3485,0.13668558,0.14668319,0.020049477
40.631517,-73.949898,CUNY Brooklyn College,190549,2687,2687,0.23247004,0.34696299,0.080658495
40.768669,-73.964795,CUNY Hunter College,190594,2689,2689,0.21163614,0.35636646,0.075420022
40.872962,-73.895379,CUNY Lehman College,190637,7022,7022,0.36707491,0.27882966,0.10235137
40.666256,-73.957076,CUNY Medgar Evers College,190646,10097,10097,0.30484688,0.1655872,0.050478742
40.701576,-73.796313,CUNY York College,190691,4759,4759,0.30660444,0.22242035,0.068195067
42.238061,-71.116539,Curry College,165529,2143,2143,0.064112388,0.2978377,0.019095086
42.902636,-78.890868,D'Youville College,190716,2712,2712,0.14159825,0.2801111,0.039663244
42.965605,-78.788111,Daemen College,190725,2808,2808,0.10852973,0.14272386,0.015489782
34.774221,-85.002775,Dalton State College,139463,3956,3956,0.11866969,0.10684205,0.012678913
43.704115,-72.289949,Dartmouth College,182670,2573,2573,0.027713936,0.49659541,0.013762614
42.850013,-85.533519,Davenport University,169479,2249,2249,0.20412642,0.061021119,0.012456022
35.499767,-80.843979,Davidson College,198385,2918,2918,0.013816977,0.29688522,0.004102056
38.931232,-79.846022,Davis & Elkins College,237358,3811,3811,0.10979949,0.050886195,0.005587278
29.203275,-81.049685,Daytona State College,133386,1475,1475,0.20341428,0.078678384,0.016004307
42.085634,-71.397813,Dean College,165574,2144,2144,0.09397278,0.092636876,0.008705345
41.296842,-84.357075,Defiance College,202514,3041,3041,0.051063716,0.21671815,0.011066434
33.744745,-90.735365,Delta State University,175616,2403,2403,0.16261435,0.13811943,0.0224602
40.071505,-82.523272,Denison University,202523,3042,3042,0.031097684,0.30201095,0.009391842
39.640904,-86.860363,DePauw University,150400,1792,1792,0.02425099,0.37425935,0.009076159
40.539091,-75.375608,DeSales University,210739,3986,3986,0.035594914,0.1923212,0.006845656
40.202796,-77.197854,Dickinson College,212009,3253,3253,0.022410417,0.5398075,0.012097311
46.882917,-102.799679,Dickinson State University,200059,2989,2989,0.13897127,0.2948803,0.040979888
29.996587,-90.06464,Dillard University,158802,2004,2004,0.24772984,0.20298244,0.050284807
37.102769,-113.565903,Dixie State University,230171,3671,3671,0.088813767,0.16550626,0.014699235
40.761829,-74.424584,Drew University,184348,2603,2603,0.040804565,0.56508553,0.02305807
37.219681,-93.286192,Drury University,177214,2461,2461,0.11019837,0.11072533,0.012201751
39.823431,-84.915037,Earlham College,150455,1793,1793,0.050809905,0.048093975,0.00244365
35.607186,-77.368291,East Carolina University,198464,2923,2923,0.061542444,0.19389063,0.011932503
32.594944,-82.309021,East Georgia State College,139621,10997,10997,0.21354727,0.065683663,0.014026567
36.301643,-82.366954,East Tennessee State University,220075,3487,3487,0.1034819,0.1448271,0.014986984
32.557847,-94.374488,East Texas Baptist University,224527,3564,3564,0.1071303,0.13898809,0.014889835
41.721673,-72.218753,Eastern Connecticut State University,129215,1425,1425,0.043887377,0.20277503,0.008899264
39.479843,-88.175658,Eastern Illinois University,144892,1674,1674,0.03730486,0.25889879,0.009658183
37.740845,-84.300796,Eastern Kentucky University,156620,1963,1963,0.14080454,0.10801895,0.015209559
38.471134,-78.880326,Eastern Mennonite University,232043,3708,3708,0.052225251,0.19171816,0.010012529
42.24694,-83.622501,Eastern Michigan University,169798,2259,2259,0.061472073,0.19011199,0.011686578
42.271228,-71.011079,Eastern Nazarene College,165644,2145,2145,0.075436167,0.1762532,0.013295866
45.319795,-118.092495,Eastern Oregon University,208646,3193,3193,0.10578898,0.18438558,0.019505963
40.050448,-75.370316,Eastern University,212133,3259,3259,0.044532068,0.15875813,0.007069828
47.490667,-117.583808,Eastern Washington University,235097,3775,3775,0.068264976,0.28165594,0.019227237
27.715798,-82.687043,Eckerd College,133492,1487,1487,0.047560938,0.24144746,0.011483468
43.057059,-89.422884,Edgewood College,238661,3848,3848,0.059073351,0.2091234,0.01235362
36.277978,-76.214041,Elizabeth City State University,198507,2926,2926,0.3210327,0.12077756,0.038773548
40.149236,-76.593224,Elizabethtown College,212197,3262,3262,0.027147356,0.34432831,0.009347604
42.0961,-76.813459,Elmira College,190983,2718,2718,0.05035124,0.2718766,0.013689324
36.104148,-79.50344,Elon University,198516,2927,2927,0.020629592,0.30853525,0.006364957
42.352202,-71.065384,Emerson College,165662,2146,2146,0.039237924,0.27489665,0.010786374
36.772857,-81.829142,Emory & Henry College,232025,3709,3709,0.071854308,0.20924412,0.015035091
33.790183,-84.325512,Emory University,139658,1564,1564,0.036100194,0.49876359,0.018005462
38.414784,-96.179021,Emporia State University,155025,1927,1927,0.057322424,0.12767319,0.007318537
42.553296,-70.840847,Endicott College,165699,2148,2148,0.03760685,0.37753186,0.014197784
34.332087,-82.39095,Erskine College,217998,3432,3432,0.057901051,0.027072584,0.001567531
40.71482,-89.269624,Eureka College,144971,1678,1678,0.094731174,0.1928916,0.018272847
37.220956,-93.262614,Evangel University,177339,2463,2463,0.067093924,0.14262077,0.009568987
41.157673,-73.255903,Fairfield University,129242,1385,1385,0.024959581,0.63194358,0.015773047
32.384181,-86.21641,Faulkner University,101189,1003,1003,0.16254693,0.044266369,0.007195362
35.073641,-78.891696,Fayetteville State University,198543,2928,2928,0.25220099,0.096434213,0.024320804
36.926912,-80.021639,Ferrum College,232089,3711,3711,0.11282829,0.1424159,0.016068542
42.588298,-71.789666,Fitchburg State University,165820,2184,2184,0.056541305,0.30897442,0.017469816
26.372421,-80.102978,Florida Atlantic University,133669,1481,1481,0.11623573,0.26414555,0.03070315
28.034936,-82.383289,Florida College,133809,1482,1482,0.054100055,0.18627639,0.010077563
30.175298,-82.5679,Florida Gateway College,135160,1501,1501,0.1943683,0.08554019,0.016626302
26.463638,-81.7726,Florida Gulf Coast University,433660,32553,32553,0.084213451,0.22297192,0.018777234
25.75732,-80.373928,Florida International University,133951,9635,9635,0.15013786,0.34801069,0.052249581
25.918278,-80.270753,Florida Memorial University,133979,1486,1486,0.31662732,0.079887137,0.025294451
28.032443,-81.948203,Florida Southern College,134079,1488,1488,0.077357441,0.24092615,0.01863743
30.440756,-84.291921,Florida State University,134097,1489,1489,0.063315511,0.34193099,0.021649536
38.642697,-90.315712,Fontbonne University,177418,2464,2464,0.052423753,0.17199072,0.009016399
40.859354,-73.882705,Fordham University,191241,2722,2722,0.076365903,0.52093887,0.039781969
38.872156,-99.342503,Fort Hays State University,155061,1915,1915,0.072559156,0.18722492,0.013584882
37.275939,-107.867422,Fort Lewis College,127185,1353,1353,0.073559597,0.11589441,0.008525146
32.537595,-83.89537,Fort Valley State University,139719,1566,1566,0.23707381,0.11927225,0.028276326
34.189777,-79.652854,Francis Marion University,218061,9226,9226,0.14397457,0.10033164,0.014445205
42.78014,-72.058011,Franklin Pierce University,182795,2575,2575,0.077550322,0.17066035,0.013234765
39.95831,-82.990375,Franklin University,202806,3046,3046,0.13459419,0.2574876,0.034656335
36.726831,-119.735199,Fresno Pacific University,114813,1253,1253,0.10072254,0.36892948,0.037159514
37.678459,-97.367048,Friends University,155089,1918,1918,0.065962031,0.14770442,0.009742884
28.596546,-81.301286,Full Sail University,134237,23621,23621,0.10621342,0.13799018,0.014656409
38.907371,-76.993675,Gallaudet University,131450,1443,1443,0.13185443,0.043277983,0.005706394
42.128403,-80.087166,Gannon University,212601,3266,3266,0.068104059,0.21148837,0.014403216
40.772518,-80.321826,Geneva College,212656,3267,3267,0.059030667,0.20346454,0.012010647
45.303629,-122.967494,George Fox University,208822,3194,3194,0.044805583,0.26036009,0.011665585
38.829976,-77.307428,George Mason University,232186,3749,3749,0.061455533,0.50281107,0.030900523
38.89923,-77.048363,George Washington University,131469,1444,1444,0.051041558,0.4225181,0.021565983
38.207615,-84.553767,Georgetown College,156745,1964,1964,0.051683106,0.28311861,0.014632449
38.908809,-77.073463,Georgetown University,131496,1445,1445,0.03188619,0.61020273,0.01945704
33.082787,-83.231962,Georgia College & State University,139861,1602,1602,0.061524745,0.18521915,0.011395562
34.169791,-85.207356,Georgia Highlands College,139700,9507,9507,0.082583115,0.17863466,0.014752206
33.07944,-83.224211,Georgia Military College,485111,1571,1571,0.16684824,0.10922311,0.018223684
32.426153,-81.784045,Georgia Southern University,139931,1572,1572,0.086741522,0.19402909,0.016830379
32.054662,-84.217738,Georgia Southwestern State University,139764,1573,1573,0.12420161,0.15265645,0.018960178
33.7527,-84.38667,Georgia State University,139940,1574,1574,0.093061909,0.22334485,0.020784898
40.099617,-74.228186,Georgian Court University,184773,2608,2608,0.093659356,0.22464931,0.02104051
39.836597,-77.236792,Gettysburg College,212674,3268,3268,0.018628128,0.43804008,0.008159867
38.93547,-80.834295,Glenville State College,237385,3813,3813,0.17755176,0.077785507,0.013810954
39.741501,-75.689624,Goldey-Beacom College,130989,1429,1429,0.088888004,0.09148214,0.008131665
47.666531,-117.400625,Gonzaga University,235316,3778,3778,0.02698392,0.29727906,0.008021754
42.590567,-70.82151,Gordon College,165936,2153,2153,0.045012005,0.13238475,0.005958903
33.04571,-84.154508,Gordon State College,139968,1575,1575,0.087740406,0.11151362,0.009784251
41.563582,-85.827795,Goshen College,150668,1799,1799,0.04634095,0.23420441,0.010853255
39.410175,-76.594843,Goucher College,162654,2073,2073,0.06165674,0.3534494,0.021792538
32.523797,-92.713245,Grambling State University,159009,2006,2006,0.34357506,0.13437594,0.046168223
33.513231,-112.129929,Grand Canyon University,104717,1074,1074,0.060822114,0.14211413,0.008643682
42.963001,-85.889826,Grand Valley State University,170082,2268,2268,0.033914097,0.23312944,0.007906375
41.620813,-93.604352,Grand View University,153375,1867,1867,0.078206643,0.1924337,0.015049594
46.953881,-123.803068,Grays Harbor College,235334,3779,3779,0.17846781,0.1108004,0.019774305
40.84343,-115.767274,Great Basin College,182306,6977,6977,0.11967289,0.18140443,0.021709193
41.747952,-92.722094,Grinnell College,153384,1868,1868,0.035332449,0.41188455,0.014552889
36.094233,-79.887737,Guilford College,198613,2931,2931,0.041673347,0.20236182,0.008433094
44.323626,-93.972196,Gustavus Adolphus College,173647,2353,2353,0.021438349,0.31143436,0.006676639
43.050245,-75.408195,Hamilton College,191515,2728,2728,0.038505599,0.5978179,0.023019336
44.966246,-93.164479,Hamline University,173665,2354,2354,0.046895918,0.31874394,0.01494779
42.325852,-72.531469,Hampshire College,166018,4661,4661,0.057154361,0.12976642,0.007416717
37.019944,-76.339161,Hampton University,232265,3714,3714,0.07955189,0.26892084,0.021393161
38.715642,-85.460051,Hanover College,150756,1801,1801,0.025576184,0.16568851,0.00423768
32.476434,-99.73564,Hardin-Simmons University,225247,3571,3571,0.059579693,0.23263928,0.013860577
35.247337,-91.726041,Harding University,107044,1097,1097,0.039980922,0.18666862,0.007463184
42.457599,-75.071994,Hartwick College,191533,2729,2729,0.057250563,0.29021627,0.016615044
42.374471,-71.118313,Harvard University,166027,2155,129,0.030466165,0.5774169,0.017591679
34.106515,-117.709837,Harvey Mudd College,115409,1171,1171,0.039317533,0.74350357,0.029232727
40.59025,-98.374403,Hastings College,181127,2548,2548,0.050670542,0.21576804,0.010933083
40.007452,-75.305207,Haverford College,212911,3274,3274,0.045679741,0.39357573,0.017978437
21.310306,-157.859645,Hawaii Pacific University,141644,7279,7279,0.13375214,0.21854538,0.029230911
41.114833,-83.168387,Heidelberg University,203085,3048,3048,0.057620641,0.15793185,0.009100135
34.128155,-93.059703,Henderson State University,107071,1098,1098,0.13540597,0.1778657,0.024084078
35.101565,-92.443256,Hendrix College,107080,1099,1099,0.060712356,0.10283015,0.006243061
35.972035,-79.994675,High Point University,198695,2933,2933,0.082739033,0.21018472,0.01739048
42.75464,-78.820257,Hilbert College,191621,2735,2735,0.11998915,0.23015651,0.027616285
41.3107,-81.143981,Hiram College,203128,3049,3049,0.064393327,0.21069404,0.01356729
26.27591,-81.738388,Hodges University,367884,30375,30375,0.26849911,0.050085824,0.013447999
40.715959,-73.60078,Hofstra University,191649,2732,2732,0.070405014,0.42433891,0.029875586
37.354201,-79.943277,Hollins University,232308,3715,3715,0.04687259,0.22559716,0.010574323
40.060581,-74.986451,Holy Family University,212984,3275,3275,0.062232889,0.27310541,0.01699614
39.420631,-77.419049,Hood College,162760,2076,2076,0.063993841,0.43535388,0.027859967
42.787298,-86.102089,Hope College,170301,2273,2273,0.024616366,0.21618286,0.005321636
42.426137,-78.155426,Houghton College,191676,2734,2734,0.067841403,0.27980357,0.018982267
29.693819,-95.515954,Houston Baptist University,225399,3576,3576,0.089184508,0.27280876,0.024330314
31.716467,-98.985204,Howard Payne University,225548,3575,3575,0.10496196,0.2033717,0.021346293
38.922392,-77.018966,Howard University,131520,1448,1448,0.10792967,0.37098277,0.040040046
40.877481,-124.078293,Humboldt State University,115755,1149,1149,0.088256046,0.18423893,0.016260199
32.351034,-86.284366,Huntingdon College,101435,1019,1019,0.059995335,0.30534065,0.018319014
40.898152,-85.497317,Huntington University,150941,1803,1803,0.031823222,0.17305252,0.005507089
44.829002,-68.791476,Husson University,487524,2043,2043,0.13390735,0.14639649,0.019603565
39.7313,-90.246171,Illinois College,145691,1688,1688,0.058748573,0.24131669,0.014177011
40.509403,-88.990058,Illinois State University,145813,1692,1692,0.032154523,0.33602929,0.010804862
40.489901,-88.992014,Illinois Wesleyan University,145646,1696,1696,0.019974636,0.53914982,0.010769322
40.027981,-75.570711,Immaculata University,213011,3276,3276,0.057326242,0.13960819,0.008003213
27.42416,-80.358682,Indian River State College,134608,1493,1493,0.1894791,0.10075696,0.019091338
39.469073,-87.407846,Indiana State University,151324,1807,1807,0.067021549,0.1595301,0.010691955
40.925725,-73.788046,Iona College,191931,2737,2737,0.077935554,0.39170805,0.030527983
42.422154,-76.494136,Ithaca College,191968,2739,2739,0.038133666,0.36243996,0.013821164
42.16483,-84.403942,Jackson College,170444,2274,2274,0.10476068,0.085823976,0.008990978
30.353227,-81.60458,Jacksonville University,134945,1495,1495,0.07648842,0.1614102,0.012346011
38.436311,-78.870484,James Madison University,232423,3721,3721,0.018523922,0.40409702,0.007485462
39.328977,-76.621595,Johns Hopkins University,162928,2077,2077,0.036704928,0.58615565,0.021514801
35.937193,-83.750273,Johnson University,220473,3495,3495,0.050282519,0.078087427,0.003926433
40.500523,-78.017292,Juniata College,213251,3279,3279,0.045758195,0.47554189,0.021759938
42.290789,-85.601857,Kalamazoo College,170532,2275,2275,0.026910778,0.40631396,0.010934224
39.046353,-94.583594,Kansas City Art Institute,177746,2473,2473,0.05967541,0.00185829,0.000110894
39.188648,-96.581077,Kansas State University,155399,1928,1928,0.042821653,0.29634115,0.012689818
38.813795,-97.607973,Kansas Wesleyan University,155414,1929,1929,0.054501042,0,0
40.677981,-74.233503,Kean University,185262,2622,2622,0.11098741,0.30801347,0.034185618
34.038807,-84.583052,Kennesaw State University,486840,1577,1577,0.049236793,0.23945044,0.011789772
38.338805,-82.945561,Kentucky Christian University,157100,1965,1965,0.045202423,0.094071805,0.004252274
38.201427,-84.855402,Kentucky State University,157058,1968,1968,0.18195711,0.10643189,0.019366039
37.744489,-87.119658,Kentucky Wesleyan College,157076,1969,1969,0.087404713,0.16538443,0.014455378
40.374408,-82.397977,Kenyon College,203535,3065,3065,0.021347713,0.30148467,0.006436008
43.012468,-83.71282,Kettering University,169983,2262,2262,0.041647803,0.74689376,0.031106485
42.615253,-77.090562,Keuka College,192192,2744,2744,0.12792821,0.17823955,0.022801867
36.585309,-82.159421,King University,220516,3496,3496,0.074696749,0.004619137,0.000345035
40.943064,-90.373165,Knox College,146427,1704,1704,0.042475175,0.25466785,0.010817061
40.037979,-75.153061,La Salle University,213367,3287,3287,0.042639773,0.4278675,0.018244173
33.910704,-117.500054,La Sierra University,117627,1215,1215,0.11186931,0.29474357,0.032972757
41.411556,-75.658963,Lackawanna College,213376,3283,3283,0.20366848,0.11813594,0.024060566
40.69956,-75.209786,Lafayette College,213385,3284,3284,0.027788993,0.58545595,0.016269231
41.717841,-81.251817,Lake Erie College,203580,3066,3066,0.092986345,0.008005488,0.000744401
42.249574,-87.827454,Lake Forest College,146481,1706,1706,0.037609879,0.47658902,0.017924456
42.097276,-86.393445,Lake Michigan College,170620,2277,2277,0.14014797,0.095012501,0.013315809
46.492849,-84.365573,Lake Superior State University,170639,2293,2293,0.084555775,0.15736085,0.013305768
30.042738,-94.072244,Lamar University,226091,3581,3581,0.13572988,0.21367563,0.029002167
40.075347,-76.287761,Lancaster Bible College,213400,3285,3285,0.068185948,0.13730235,0.009362091
34.199892,-82.164736,Lander University,218229,3435,3435,0.077214658,0.12658836,0.009774477
42.977172,-72.512549,Landmark College,247649,25326,25326,0.026890591,0,0
35.943982,-97.260317,Langston University,207209,3157,3157,0.29319191,0.067743547,0.01986186
42.474072,-83.25003,Lawrence Technological University,170675,2279,2279,0.077243477,0.31393677,0.024249569
43.049192,-76.090435,Le Moyne College,192323,2748,2748,0.055178147,0.28444174,0.015694968
40.330604,-76.514431,Lebanon Valley College,213507,3288,3288,0.037419308,0.34390393,0.012868647
40.606822,-75.380236,Lehigh University,213543,3289,3289,0.032861903,0.57026768,0.018740082
35.739968,-81.327598,Lenoir-Rhyne University,198835,2941,2941,0.060815379,0.20007221,0.012167468
45.450882,-122.669137,Lewis & Clark College,209056,3197,3197,0.051261608,0.26625898,0.013648864
41.605432,-88.079032,Lewis University,146612,1707,1707,0.057522953,0.2850706,0.016398102
46.412199,-117.024875,Lewis-Clark State College,142328,1621,1621,0.12525316,0.16977717,0.021265127
40.148924,-89.346721,Lincoln Christian University,146667,1708,1708,0.043951634,0.066115722,0.002905894
40.155442,-89.36153,Lincoln College,146676,1709,1709,0.088708669,0.080397427,0.007131949
36.578508,-83.660198,Lincoln Memorial University,220631,3502,3502,0.14471367,0.14479493,0.020953804
37.101502,-85.299997,Lindsey Wilson College,157216,1972,1972,0.21113291,0.071624562,0.015122303
36.106253,-86.799791,Lipscomb University,219976,3486,3486,0.042069241,0.14726995,0.006195535
37.301137,-78.39575,Longwood University,232566,3719,3719,0.030979123,0.21304132,0.006599833
42.503908,-90.679023,Loras College,153825,1873,1873,0.029453579,0.32343268,0.00952625
31.324528,-92.425973,Louisiana College,159568,2007,2007,0.088761888,0.22030519,0.019554704
32.528297,-92.649963,Louisiana Tech University,159647,2008,2008,0.10710856,0.20734024,0.022207914
41.710009,-83.706108,Lourdes University,203757,3069,3069,0.05085849,0.033788949,0.001718455
33.97085,-118.415744,Loyola Marymount University,117946,11649,11649,0.05359913,0.45875201,0.024588708
39.346358,-76.621872,Loyola University Maryland,163046,2078,2078,0.016884405,0.39801782,0.006720294
29.936141,-90.120417,Loyola University New Orleans,159656,2016,2016,0.054181024,0.28830633,0.015620732
33.575973,-101.934426,Lubbock Christian University,226383,3586,3586,0.10603444,0.14297664,0.015160448
43.312304,-91.802809,Luther College,153834,1874,1874,0.030563246,0.32127139,0.009819097
41.24666,-77,Lycoming College,213668,3293,3293,0.042095877,0.10872484,0.004576867
26.385985,-80.122806,Lynn University,132657,1505,1505,0.073788531,0.23778979,0.01754616
44.938565,-93.168053,Macalester College,173902,2358,2358,0.04760595,0.29286674,0.0139422
43.12183,-89.327921,Madison Area Technical College,238263,4007,4007,0.079094827,0.096334502,0.007619561
42.384323,-83.404722,Madonna University,170806,2282,2282,0.066028446,0.24779823,0.016361732
44.389654,-68.804347,Maine Maritime Academy,161299,2044,2044,0.075922795,0.4560827,0.034627073
40.825662,-81.376863,Malone University,203775,3072,3072,0.05719481,0.18317848,0.010476858
40.08714,-75.104786,Manor College,213774,3294,3294,0.074415244,0.19506876,0.014516089
43.195013,-88.737016,Maranatha Baptist University,239071,23172,23172,0.082019843,0.11078241,0.009086356
39.41668,-81.450045,Marietta College,203845,3073,3073,0.047963165,0.3462553,0.016607501
41.720937,-73.935484,Marist College,192819,2765,2765,0.048714951,0.35230741,0.017162638
43.03903,-87.927961,Marquette University,239105,3863,3863,0.027533337,0.41631222,0.011462465
35.82752,-82.551827,Mars Hill University,198899,2944,2944,0.11644681,0.11749043,0.013681385
38.422482,-82.428964,Marshall University,237525,3815,3815,0.094283551,0.17601806,0.016595608
35.201019,-87.035661,Martin Methodist College,220701,3504,3504,0.191098,0.18984328,0.036278673
33.734887,-118.333371,Marymount California University,118541,10474,10474,0.11168693,0.16417621,0.018336337
40.768787,-73.959767,Marymount Manhattan College,192864,2769,2769,0.11929654,0.27616549,0.032945585
38.905562,-77.128785,Marymount University,232706,3724,3724,0.095781386,0.35877097,0.034363579
35.751505,-83.964223,Maryville College,220710,3505,3505,0.078739405,0.16281217,0.012819733
41.434587,-75.634142,Marywood University,213826,3296,3296,0.065572619,0.12671094,0.008308768
41.739072,-70.624084,Massachusetts Maritime Academy,166692,2181,2181,0.032541201,0.61262119,0.019935429
47.505415,-97.322554,Mayville State University,200226,2993,2993,0.080179065,0.15339428,0.012299011
39.584231,-77.001992,McDaniel College,164270,2109,2109,0.038575314,0.41236836,0.015907239
38.608154,-89.816822,McKendree University,147013,1722,1722,0.052338958,0.092943504,0.004864566
32.429776,-99.748682,McMurry University,226587,3591,3591,0.13607913,0.207424,0.028226078
38.371422,-97.642996,McPherson College,155511,1933,1933,0.11640731,0.29281271,0.034085538
42.336825,-71.101244,MCPHS University,166656,2165,2165,0.10234574,0.91293561,0.093435071
42.92856,-78.855941,Medaille College,192925,2777,2777,0.11236469,0.19337434,0.021728449
41.021626,-73.874447,Mercy College,193016,2772,2772,0.22385523,0.15746564,0.035249505
42.10578,-80.053412,Mercyhurst University,213987,3297,3297,0.055705849,0.15001097,0.008356488
35.799351,-78.689995,Meredith College,198950,2945,2945,0.039217688,0.32593244,0.012782317
35.135058,-78.874426,Methodist University,198969,2946,2946,0.14348197,0.21976086,0.031531721
47.11866,-88.548092,Michigan Technological University,171128,2292,2292,0.037419125,0.46681935,0.017467972
44.009117,-73.176068,Middlebury College,230959,3691,3691,0.023217954,0.54600012,0.012677005
32.029646,-102.106153,Midland College,226806,9797,9797,0.18844025,0.25685894,0.048402563
41.43674,-96.488008,Midland University,181330,2553,2553,0.057081629,0.1454601,0.008303099
33.874809,-98.519386,Midwestern State University,226833,3592,3592,0.090290539,0.22184701,0.020030687
39.842612,-88.976298,Millikin University,147244,1724,1724,0.042920053,0.25741065,0.011048079
37.781425,-122.182294,Mills College,118888,1238,1238,0.10617122,0.30952388,0.032862529
32.322746,-90.179957,Millsaps College,175980,2414,2414,0.058698498,0.30658579,0.017996125
48.246961,-101.29861,Minot State University,200253,2994,2994,0.093943574,0.21798106,0.020477919
32.335515,-90.329821,Mississippi College,176053,2415,2415,0.062089607,0.1894204,0.011761039
33.454852,-88.790139,Mississippi State University,176080,2423,2423,0.087002136,0.20326965,0.017684894
33.514142,-90.341274,Mississippi Valley State University,176044,2424,2424,0.45458764,0.086832456,0.03947296
37.095155,-94.461689,Missouri Southern State University,178341,2488,2488,0.11775728,0.1463888,0.017238347
39.108522,-93.190654,Missouri Valley College,178369,2489,2489,0.11653803,0.10342196,0.012052591
41.328013,-72.09523,Mitchell College,129774,1393,1393,0.086093329,0.10575178,0.009104523
40.914824,-90.63731,Monmouth College,147341,1725,1725,0.052175865,0.28965288,0.01511289
40.280066,-74.006447,Monmouth University,185572,2616,2616,0.054560877,0.38006294,0.020736568
40.864459,-73.900215,Monroe College,193308,4799,4799,0.43616086,0.087579586,0.038198788
40.860414,-74.198141,Montclair State University,185590,2617,2617,0.09459386,0.3351799,0.031705961
41.897822,-87.633459,Moody Bible Institute,147369,1727,1727,0.077346452,0.20708139,0.01601701
40.630947,-75.383638,Moravian College,214157,3301,3301,0.040640593,0.3407371,0.013847758
38.186768,-83.434021,Morehead State University,157386,1976,1976,0.15837219,0.10783715,0.017078405
33.745982,-84.414917,Morehouse College,140553,1582,1582,0.085088179,0.36409616,0.03098028
42.473891,-96.359464,Morningside College,154004,1879,1879,0.065455861,0.28144956,0.018422524
40.459679,-78.600898,Mount Aloysius College,214166,3302,3302,0.094685294,0.13609722,0.012886406
42.256838,-72.575511,Mount Holyoke College,166939,2192,2192,0.060082663,0.43250099,0.025985811
43.072507,-88.030732,Mount Mary University,239390,3869,3869,0.083080061,0.13252532,0.011010212
41.513872,-74.012655,Mount Saint Mary College,193353,2778,2778,0.080073819,0.41126987,0.03293195
40.372901,-82.471074,Mount Vernon Nazarene University,204194,7085,7085,0.054846611,0.14622521,0.008019958
40.596416,-75.508502,Muhlenberg College,214175,3304,3304,0.022099353,0.46548,0.010286807
45.527139,-122.575557,Multnomah University,209287,3206,3206,0.064722911,0.22438167,0.014522634
36.612419,-88.323629,Murray State University,157401,1977,1977,0.08418864,0.17036343,0.014342665
34.101265,-118.337582,Musicians Institute,119270,21618,21618,0.13646387,0.024012055,0.003276778
39.996426,-81.73703,Muskingum University,204264,3084,3084,0.046444092,0.20099337,0.009334954
40.839098,-96.64831,Nebraska Wesleyan University,181446,2555,2555,0.037686419,0.16141255,0.006083061
39.874876,-75.440022,Neumann University,214272,3988,3988,0.079546481,0.16619413,0.013220158
35.982345,-114.938044,Nevada State College,441900,41143,41143,0.040714871,0.011112681,0.000452451
43.176403,-71.822282,New England College,182980,2579,2579,0.056638002,0.15377115,0.008709291
40.709937,-74.08727,New Jersey City University,185129,2613,2613,0.20409746,0.26058468,0.053184673
35.596233,-105.219197,New Mexico Highlands University,187897,2653,2653,0.2117561,0.14582239,0.03087878
40.729452,-73.997264,New York University,193900,2785,2785,0.069385424,0.5227713,0.036272708
37.672643,-97.37768,Newman University,155335,1939,1939,0.041185804,0.083515786,0.003439665
43.137279,-79.036689,Niagara University,193973,2788,2788,0.058389734,0.25686365,0.0149982
29.794486,-90.801571,Nicholls State University,159966,2005,2005,0.15255252,0.18731111,0.028574781
42.044033,-71.930283,Nichols College,167260,2197,2197,0.044593908,0.52332181,0.023336964
36.848429,-76.261375,Norfolk State University,232937,3765,3765,0.20608868,0.1671135,0.034440201
36.019665,-77.773982,North Carolina Wesleyan College,199209,2951,2951,0.14657028,0.098721996,0.01446971
41.77576,-88.14279,North Central College,147660,1734,1734,0.034014158,0.32196534,0.01095138
44.968625,-93.261511,North Central University,174437,2369,2369,0.0591686,0.14174305,0.008386738
35.069758,-82.37026,North Greenville University,218441,3441,3441,0.067824349,0.16606449,0.011263216
41.975268,-87.709948,North Park University,147679,1735,1735,0.073835373,0.23094802,0.017052133
47.698408,-122.333584,North Seattle College,236072,9704,9704,0.11944085,0.17906594,0.021387789
41.980399,-87.718983,Northeastern Illinois University,147776,1693,1693,0.18364094,0.17297633,0.031765535
35.919939,-94.967229,Northeastern State University,207263,3161,3161,0.15930955,0.13838103,0.02204542
42.339992,-71.088782,Northeastern University,167358,2199,2199,0.051461115,0.47367033,0.024375604
41.933869,-88.766428,Northern Illinois University,147703,1737,1737,0.053890184,0.30334401,0.016347265
39.029714,-84.463483,Northern Kentucky University,157447,9275,9275,0.065365233,0.14358182,0.009385259
46.559751,-87.406568,Northern Michigan University,171456,2301,2301,0.071492918,0.1869922,0.013368618
46.579087,-90.87476,Northland College,239512,3875,3875,0.06491106,0.086564094,0.005618967
40.351692,-94.883339,Northwest Missouri State University,178624,2496,2496,0.055762999,0.17036685,0.009500166
43.562411,-116.565783,Northwest Nazarene University,142461,1624,1624,0.051745076,0.26984861,0.013963337
47.657945,-122.192763,Northwest University,236133,3783,3783,0.053097297,0.26930109,0.01429916
44.765436,-85.585517,Northwestern Michigan College,171483,2302,2302,0.10402072,0.10251339,0.010663517
36.796658,-98.667673,Northwestern Oklahoma State University,207306,3163,3163,0.10673184,0.16946182,0.018086972
42.050356,-87.679858,Northwestern University,147767,1739,1739,0.030700425,0.55186343,0.016942441
43.628717,-84.27682,Northwood University,171492,4072,4072,0.096529253,0.24421947,0.023574322
44.140237,-72.659783,Norwich University,230995,3692,3692,0.082054548,0.33745036,0.027689336
26.079337,-80.24248,Nova Southeastern University,136215,1509,1509,0.1351656,0.24109715,0.032588042
38.340891,-87.35144,Oakland City University,152099,1824,1824,0.12364993,0.026952447,0.003332668
42.674573,-83.216418,Oakland University,171571,2307,2307,0.050972745,0.21626647,0.011023696
41.291992,-82.216795,Oberlin College,204501,3086,3086,0.041793931,0.29863447,0.012481108
34.127124,-118.210908,Occidental College,120254,1249,1249,0.085336223,0.39126664,0.033389218
33.875441,-84.333687,Oglethorpe University,140696,1586,1586,0.07119669,0.3281177,0.023360895
39.992764,-82.940689,Ohio Dominican University,204617,3035,3035,0.085124888,0.13787399,0.011736508
40.7662,-83.827441,Ohio Northern University,204635,3089,3089,0.030293938,0.52099305,0.015782932
40.295963,-83.069757,Ohio Wesleyan University,204909,3109,3109,0.042281747,0.41290084,0.017458169
35.360492,-96.932459,Oklahoma Baptist University,207403,3164,3164,0.055161223,0.12274143,0.006770568
35.611412,-97.469526,Oklahoma Christian University,207324,3165,3165,0.061223663,0.20564334,0.012590239
35.495271,-97.541242,Oklahoma City University,207458,3166,3166,0.070655867,0.20916021,0.014778396
36.594518,-101.638488,Oklahoma Panhandle State University,207351,3174,3174,0.12205757,0.2073507,0.025308723
36.886418,-76.30666,Old Dominion University,232982,3728,3728,0.084604912,0.28022748,0.023708621
42.442891,-84.923891,Olivet College,171599,2308,2308,0.12720069,0.096420042,0.012264696
41.155237,-87.875165,Olivet Nazarene University,147828,1741,1741,0.06565275,0.18554525,0.012181556
47.574769,-122.635113,Olympic College,236188,3784,3784,0.089990154,0.10132466,0.009118222
36.049129,-95.952547,Oral Roberts University,207582,3985,3985,0.094523638,0.15178795,0.01434755
34.126093,-93.052471,Ouachita Baptist University,107512,1102,1102,0.091998719,0.2562049,0.023570523
37.103172,-94.510622,Ozark Christian College,178679,22027,22027,0.10642555,0.11458282,0.01219454
40.711014,-74.004719,Pace University,194310,2791,2791,0.15173292,0.55575591,0.084326468
47.14516,-122.440421,Pacific Lutheran University,236230,3785,3785,0.032666117,0.2883583,0.009419546
38.570585,-122.440308,Pacific Union College,120865,1258,1258,0.061517224,0.4506692,0.027723918
45.521394,-123.108777,Pacific University,209612,3212,3212,0.043146346,0.31443566,0.01356675
33.469545,-81.993225,Paine College,140720,1587,1587,0.30075237,0.067691989,0.020358527
26.7044,-80.05247,Palm Beach Atlantic University,136330,8849,8849,0.078621522,0.19250613,0.015135125
26.61256,-80.08653,Palm Beach State College,136358,1512,1512,0.16229346,0.1195711,0.019405609
39.189256,-94.679041,Park University,178721,2498,2498,0.14047748,0.27556312,0.038710412
48.101295,-123.412865,Peninsula College,236258,3786,3786,0.15143771,0.13313685,0.020161942
30.479267,-87.200265,Pensacola State College,136473,1513,1513,0.1833951,0.072300799,0.013259612
34.037786,-118.707077,Pepperdine University,121150,10149,10149,0.04315082,0.4309884,0.018597502
40.474689,-95.732731,Peru State College,181534,2559,2559,0.095110506,0.13374622,0.012720671
35.484696,-80.283168,Pfeiffer University,199306,2955,2955,0.087940171,0.17851658,0.015698779
34.737131,-92.283015,Philander Smith College,107600,1103,1103,0.35311773,0.02814848,0.009939727
37.392071,-94.702473,Pittsburg State University,155681,1926,1926,0.066530652,0.22991796,0.015296591
34.104107,-117.706675,Pitzer College,121257,1172,1172,0.062417161,0.3548097,0.022146214
40.714894,-73.831156,Plaza College,194499,12358,12358,0.44500974,0.083288878,0.037064362
32.718391,-117.250265,Point Loma Nazarene University,121309,1262,1262,0.033031497,0.42654261,0.014089341
40.438768,-80.002061,Point Park University,215442,3357,3357,0.087637432,0.17573057,0.015400576
28.032411,-81.711873,Polk State College,136516,1514,1514,0.16730317,0.12424182,0.020786051
34.099027,-117.714556,Pomona College,121345,1173,1173,0.036810484,0.52981019,0.019502569
45.511601,-122.686289,Portland State University,209807,3216,3216,0.083449818,0.24099758,0.020111205
41.535549,-73.081497,Post University,130183,1401,1401,0.14912631,0.22057061,0.032892879
34.465834,-81.87448,Presbyterian College,218539,3445,3445,0.028914625,0.40932897,0.011835594
40.348732,-74.659365,Princeton University,186131,2627,2627,0.020432552,0.65865237,0.013457949
41.842742,-71.437446,Providence College,217402,3406,3406,0.020467259,0.4555499,0.009323858
39.938898,-91.385975,Quincy University,148131,1745,1745,0.049956851,0.20033044,0.010007878
41.418915,-72.894117,Quinnipiac University,130226,1402,1402,0.018561233,0.48528472,0.009007483
37.136907,-80.549728,Radford University,233277,3732,3732,0.044043925,0.21964861,0.009674187
37.437315,-79.171887,Randolph College,233301,3734,3734,0.06261503,0.15927973,0.009973305
45.480959,-122.630348,Reed College,209922,3217,3217,0.042067382,0.27120611,0.011408932
42.351291,-71.310561,Regis College,167598,2206,2206,0.086421028,0.27295357,0.023588927
39.788175,-105.030756,Regis University,127918,1363,1363,0.038272105,0.4124895,0.015786842
34.319756,-84.554264,Reinhardt University,140872,1589,1589,0.051639773,0.24447083,0.012624418
42.729978,-73.676646,Rensselaer Polytechnic Institute,194824,2803,2803,0.047184251,0.64620745,0.030490816
47.489206,-122.176303,Renton Technical College,236382,10434,10434,0.11777587,0.12568191,0.014802297
41.842415,-71.46556,Rhode Island College,217420,3407,3407,0.077854827,0.19257948,0.014993242
35.154405,-89.990803,Rhodes College,221351,3519,3519,0.021719659,0.57892883,0.012574136
29.717897,-95.402035,Rice University,227757,3604,3604,0.032903127,0.4873172,0.01603426
40.278796,-74.737833,Rider University,186283,2628,2628,0.058408838,0.37443566,0.021870352
43.844135,-88.842333,Ripon College,239628,3884,3884,0.04154465,0.37249184,0.015475043
37.294861,-80.055467,Roanoke College,233426,3736,3736,0.029181179,0.35119694,0.010248341
40.520415,-80.210468,Robert Morris University,215655,3359,3359,0.058833398,0.42906725,0.025243485
43.125755,-77.798498,Roberts Wesleyan College,194958,2805,2805,0.065850012,0.12779684,0.008415423
42.270639,-89.019536,Rockford University,148405,1748,1748,0.058328748,0.28733143,0.016759682
39.032318,-94.573003,Rockhurst University,179043,2499,2499,0.042440601,0.38294905,0.016252588
45.796522,-108.554075,Rocky Mountain College,180595,2534,2534,0.10021361,0.35887569,0.035964228
36.321437,-95.635718,Rogers State University,207661,3168,3168,0.13913015,0.10814601,0.01504637
28.592787,-81.349239,Rollins College,136950,1515,1515,0.056338571,0.22720668,0.0128005
41.876055,-87.624952,Roosevelt University,148487,1749,1749,0.14085454,0.22551322,0.031764559
39.709108,-75.119119,Rowan University,184782,2609,2609,0.05739709,0.31674674,0.018180341
34.776862,-89.446999,Rust College,176318,2433,2433,0.35506019,0.066104285,0.023471
41.220893,-73.243332,Sacred Heart University,130253,1403,1403,0.046373092,0.42130095,0.019537028
43.51176,-83.964273,Saginaw Valley State University,172051,2314,2314,0.06356924,0.20318139,0.012916086
41.54065,-90.579854,Saint Ambrose University,154235,1889,1889,0.029913023,0.25974059,0.007769626
42.986889,-71.503622,Saint Anselm College,183239,2587,2587,0.023297701,0.4160575,0.009693183
41.972414,-87.662806,Saint Augustine College,148876,21854,21854,0.33776018,0.033016447,0.011151641
35.785468,-78.621301,Saint Augustine's University,199582,2968,2968,0.26413274,0.067768514,0.017899884
40.506734,-78.63904,Saint Francis University,215743,3366,3366,0.064369574,0.34541002,0.022233896
43.116259,-77.513056,Saint John Fisher College,195720,2821,2821,0.06337598,0.3001757,0.019023929
29.647516,-81.681387,Saint Johns River State College,137281,1523,1523,0.13697609,0.11060851,0.015150721
39.994442,-75.238343,Saint Joseph's University,215770,3367,3367,0.027568903,0.40629917,0.011201222
28.336776,-82.257801,Saint Leo University,137032,1526,1526,0.18977496,0.19150831,0.036343481
38.636801,-90.2351,Saint Louis University,179159,2506,2506,0.031615227,0.42174488,0.01333356
47.041068,-122.816354,Saint Martin's University,236452,3794,3794,0.10116468,0.29844391,0.030191984
41.707274,-86.256947,Saint Mary's College,152390,1836,1836,0.018797312,0.33054513,0.00621336
44.494558,-73.167069,Saint Michael's College,231059,3694,3694,0.023503955,0.35203153,0.008274133
44.44483,-88.067812,Saint Norbert College,239716,3892,3892,0.024385825,0.21879037,0.005335384
40.727105,-74.071541,Saint Peter's University,186432,2638,2638,0.20468722,0.2685788,0.054974649
41.707199,-87.714749,Saint Xavier University,148627,1768,1768,0.089114934,0.31382665,0.027966641
42.503575,-70.890234,Salem State University,167729,2188,2188,0.070403665,0.27449679,0.01932558
41.471545,-71.30124,Salve Regina University,217536,3411,3411,0.038571522,0.43560067,0.01680178
30.714738,-95.546205,Sam Houston State University,227881,3606,3606,0.090871245,0.22619584,0.020554697
33.464128,-86.791799,Samford University,102049,1036,1036,0.028684683,0.24988702,0.00716793
32.77525,-117.071228,San Diego State University,122409,1151,1151,0.089785799,0.4078413,0.036618356
37.721224,-122.476799,San Francisco State University,122597,1154,1154,0.1007141,0.34707272,0.034955118
37.336569,-121.880621,San Jose State University,122755,1155,1155,0.11658612,0.46557117,0.054279134
37.348362,-121.93784,Santa Clara University,122931,1326,1326,0.036217712,0.62036002,0.022468021
29.681037,-82.433143,Santa Fe College,137096,1519,1519,0.14824373,0.12219153,0.018114127
34.017022,-118.469765,Santa Monica College,122977,1286,1286,0.22690758,0.19325553,0.043851145
40.9355,-73.843727,Sarah Lawrence College,195304,2813,2813,0.035303123,0.34470642,0.012169213
42.419279,-83.430958,Schoolcraft College,172200,2315,2315,0.052830324,0.12723029,0.006721617
34.104147,-117.711294,Scripps College,123165,1174,1174,0.051244065,0.49148786,0.025185836
47.650214,-122.361667,Seattle Pacific University,236577,3788,3788,0.044609308,0.30207223,0.013475233
40.742336,-74.246027,Seton Hall University,186584,2632,2632,0.075406462,0.42224035,0.03183965
40.309407,-79.557433,Seton Hill University,215947,3362,3362,0.075513139,0.17268063,0.013039657
35.771181,-78.637693,Shaw University,199643,2962,2962,0.30330682,0.094543867,0.0286758
38.730867,-82.993769,Shawnee State University,205443,9942,9942,0.15181823,0.11018017,0.016727358
39.167355,-78.157433,Shenandoah University,233541,3737,3737,0.048073951,0.2286817,0.010993632
39.433071,-77.804101,Shepherd University,237792,3822,3822,0.073102482,0.15099537,0.011038137
34.257543,-85.196529,Shorter University,140988,1591,1591,0.069336995,0.20565112,0.01425923
42.717602,-73.7526,Siena College,195474,2816,2816,0.037499938,0.35478166,0.01330429
41.905624,-84.018841,Siena Heights University,172264,2316,2316,0.063089222,0.12884818,0.008128932
41.365503,-93.563471,Simpson College,154350,1887,1887,0.030970447,0.39682275,0.012289778
40.61334,-122.332981,Simpson University,123457,1291,1291,0.064028382,0.26075399,0.016695656
48.437194,-122.30894,Skagit Valley College,236638,3792,3792,0.1122862,0.12172711,0.013668275
43.097035,-73.785335,Skidmore College,195526,2814,2814,0.044441804,0.44459251,0.019758493
42.318111,-72.638097,Smith College,167835,2209,2209,0.050264381,0.37487513,0.018842867
39.360177,-111.58296,Snow College,230597,3679,3679,0.068726778,0.13990106,0.009614949
38.235881,-122.122368,Solano Community College,123563,1292,1292,0.0793036,0.13654976,0.010828887
38.340274,-122.677066,Sonoma State University,123572,1156,1156,0.050166395,0.3442798,0.017271277
33.497968,-80.848722,South Carolina State University,218733,3446,3446,0.2600328,0.10738597,0.027923875
27.56974,-81.508667,South Florida State College,137315,1522,1522,0.24746867,0.061016917,0.015099775
31.495903,-82.855231,South Georgia State College,482699,1592,1592,0.18147965,0.062451232,0.011333628
26.217591,-98.253634,South Texas College,409315,31034,31034,0.52360696,0.13195425,0.069092162
37.311107,-89.531187,Southeast Missouri State University,179557,2501,2501,0.070961244,0.13465819,0.009555512
30.514652,-90.468676,Southeastern Louisiana University,160612,2024,2024,0.14494023,0.12760897,0.018495673
34.006808,-96.376864,Southeastern Oklahoma State University,207847,3179,3179,0.17545877,0.18455851,0.03238241
28.029733,-81.918382,Southeastern University,137564,1521,1521,0.1153024,0.14077631,0.016231846
35.048254,-85.052088,Southern Adventist University,221661,3518,3518,0.086719155,0.28117836,0.024383549
41.333225,-72.947897,Southern Connecticut State University,130493,1406,1406,0.056201901,0.25921467,0.014568358
32.843612,-96.783365,Southern Methodist University,228246,3613,3613,0.044499464,0.39727455,0.017678505
35.513295,-97.629504,Southern Nazarene University,206862,3149,3149,0.068141177,0.15076517,0.010273316
42.185077,-122.695081,Southern Oregon University,210146,3219,3219,0.077891052,0.20681213,0.016108815
37.674617,-113.070146,Southern Utah University,230603,3678,3678,0.069633178,0.13872509,0.009659869
37.740368,-79.35037,Southern Virginia University,233611,3738,3738,0.07656987,0.11352907,0.008692906
34.728068,-82.761586,Southern Wesleyan University,217776,3422,3422,0.11854203,0.066610731,0.007896171
37.602425,-93.407056,Southwest Baptist University,179326,2502,2502,0.10845382,0.097758904,0.010602326
32.397617,-97.32702,Southwestern Adventist University,228468,3619,3619,0.11157076,0.20509347,0.022882435
35.535281,-98.707768,Southwestern Oklahoma State University,207865,3181,3181,0.14213049,0.20191722,0.028698593
33.745279,-84.411527,Spelman College,141060,1594,1594,0.094288513,0.34880477,0.032888282
42.206568,-84.556074,Spring Arbor University,172334,2318,2318,0.052737158,0.17410316,0.009181705
30.694751,-88.138199,Spring Hill College,102234,1041,1041,0.065644443,0.39551237,0.025963189
42.101576,-72.556751,Springfield College,167899,2211,2211,0.028484464,0.2157574,0.006145734
38.981598,-76.491359,St. John's College,163976,2092,2092,0.052211516,0.31672624,0.016536757
37.429434,-122.167359,Stanford University,243744,1305,1305,0.035795204,0.62739229,0.022457635
31.621056,-94.64908,Stephen F Austin State University,228431,3624,3624,0.090629965,0.2163537,0.019608129
38.95204,-92.319204,Stephens College,179548,2512,2512,0.082334727,0.087118752,0.007172899
38.219937,-98.208644,Sterling College,155937,1945,1945,0.068242677,0.12325122,0.008410993
29.035475,-81.300746,Stetson University,137546,1531,1531,0.072785452,0.36357144,0.026462711
39.421988,-76.702092,Stevenson University,164173,2107,2107,0.042376637,0.38386387,0.01626686
33.200006,-87.585278,Stillman College,102270,1044,1044,0.29622325,0.047497384,0.01406983
42.05905,-71.080632,Stonehill College,167996,2217,2217,0.017229259,0.36538234,0.006295267
42.357945,-71.060917,Suffolk University,168005,2218,2218,0.07673727,0.34961706,0.02682866
30.363139,-103.651469,Sul Ross State University,228501,3625,3625,0.23651515,0.2219535,0.052495364
43.077283,-73.782484,SUNY Empire State College,196264,10286,10286,0.14019026,0.2570464,0.0360354
40.807217,-73.795309,SUNY Maritime College,196291,2853,2853,0.043647721,0.51558954,0.022504309
40.797502,-76.875329,Susquehanna University,216278,3369,3369,0.033380736,0.21895476,0.007308871
37.556725,-79.081014,Sweet Briar College,233718,3742,3742,0.030879799,0.26139921,0.008071955
43.040176,-76.136975,Syracuse University,196413,2882,2882,0.056894027,0.51621825,0.029369734
38.348606,-97.200949,Tabor College,155973,1946,1946,0.055578582,0.38822138,0.021576794
47.244622,-122.524793,Tacoma Community College,236753,3796,3796,0.12211747,0.14968285,0.018278891
30.443866,-84.339,Tallahassee Community College,137759,1533,1533,0.17122982,0.069943443,0.011976403
32.214988,-98.214866,Tarleton State University,228529,3631,3631,0.091978438,0.22480278,0.020677008
40.456246,-85.497034,Taylor University,152530,1838,1838,0.049985863,0.20786394,0.010390258
39.980546,-75.156859,Temple University,216339,3371,3371,0.092837185,0.35593599,0.033044096
36.166321,-86.828275,Tennessee State University,221838,3522,3522,0.18183444,0.16189986,0.029438972
36.174754,-85.504039,Tennessee Technological University,221847,3523,3523,0.095024854,0.24221773,0.023016704
32.70961,-97.364758,Texas Christian University,228875,3636,3636,0.027070837,0.37385464,0.010120558
29.573261,-97.982669,Texas Lutheran University,228981,3641,3641,0.063387118,0.3804352,0.024114691
29.721046,-95.361113,Texas Southern University,229063,3642,3642,0.30844814,0.11051506,0.034088165
29.888885,-97.943029,Texas State University,228459,3615,3615,0.061181758,0.24389082,0.014921669
33.583448,-101.874783,Texas Tech University,229115,3644,3644,0.045976318,0.33735153,0.015510181
32.732962,-97.279613,Texas Wesleyan University,229160,3645,3645,0.12672192,0.10316857,0.013073719
33.226211,-97.127842,Texas Woman's University,229179,3646,3646,0.093652733,0.27058345,0.025340879
41.41354,-80.384383,Thiel College,216357,3376,3376,0.11734048,0.1692806,0.019863466
44.524909,-69.664734,Thomas College,161563,2052,2052,0.13102926,0.22806722,0.02988348
41.118316,-83.184197,Tiffin University,206048,3121,3121,0.07716009,0.070813276,0.005463959
38.052983,-84.493202,Transylvania University,157818,1987,1987,0.048732698,0.31757793,0.015476429
36.141324,-86.754238,Trevecca Nazarene University,221892,3526,3526,0.05285085,0.079531178,0.00420329
41.632502,-85.008009,Trine University,152567,1839,1839,0.042368028,0.47039306,0.019929627
41.667687,-87.783973,Trinity Christian College,149505,1771,1771,0.047024734,0.23477527,0.011040245
29.462682,-98.48186,Trinity University,229267,3647,3647,0.024545144,0.47796208,0.011731648
42.846693,-78.812398,Trocaire College,196653,2812,2812,0.23652473,0.28479484,0.06736102
39.571402,-119.796975,Truckee Meadows Community College,182500,21077,21077,0.094358183,0.11560018,0.010907822
40.188267,-92.581658,Truman State University,178615,2495,2495,0.02608363,0.28755945,0.007500594
42.40855,-71.118293,Tufts University,168148,2219,2219,0.034208201,0.62166512,0.021266045
32.33601,-95.284122,Tyler Junior College,229355,3648,3648,0.19091161,0.10744457,0.020512415
35.676896,-88.858524,Union University,221971,3528,3528,0.077227071,0.25701424,0.019848457
40.705687,-73.959113,United Talmudical Seminary,197018,11189,11189,0.60977477,0.11770001,0.071770497
42.838283,-91.799543,Upper Iowa University,154493,1893,1893,0.14861903,0.097103536,0.014431433
40.193023,-75.456505,Ursinus College,216524,3385,3385,0.03479981,0.27741921,0.009654136
41.497035,-81.465118,Ursuline College,206349,3134,3134,0.054246359,0.31467256,0.017069841
41.740748,-111.81391,Utah State University,230728,3677,3677,0.038503442,0.16843842,0.006485459
40.281078,-111.716456,Utah Valley University,230737,4027,4027,0.049795851,0.18545398,0.009234839
43.096213,-75.272916,Utica College,197045,2883,2883,0.1310263,0.38360474,0.05026231
30.847402,-83.289282,Valdosta State University,141264,1599,1599,0.080228448,0.16104966,0.012920764
46.918517,-98.00389,Valley City State University,200572,3008,3008,0.11091972,0.19425087,0.021546252
41.462239,-87.040172,Valparaiso University,152600,1842,1842,0.028814238,0.28010505,0.008071014
36.14659,-86.803369,Vanderbilt University,221999,3535,3535,0.024821995,0.59296083,0.014718471
41.686895,-73.895088,Vassar College,197133,2895,2895,0.033592291,0.32580361,0.010944489
40.039388,-75.345457,Villanova University,216597,3388,3388,0.022712095,0.58039922,0.013182082
38.687766,-87.519939,Vincennes University,152637,1843,1843,0.11588706,0.14943092,0.017317109
37.54962,-77.452697,Virginia Commonwealth University,234030,3735,3735,0.070848346,0.27161658,0.019243585
37.7896,-79.437067,Virginia Military Institute,234085,3753,3753,0.046043575,0.43327758,0.019949649
37.234692,-77.419026,Virginia State University,234155,3764,3764,0.19235934,0.17847627,0.034331579
43.803133,-91.244297,Viterbo University,240107,3911,3911,0.060364258,0.13288739,0.008021649
40.037588,-86.906,Wabash College,152673,1844,1844,0.043702494,0.39637411,0.017322537
40.615588,-74.092913,Wagner College,197197,2899,2899,0.051794525,0.42187792,0.021850966
36.133609,-80.277446,Wake Forest University,199847,2978,2978,0.017875917,0.40344775,0.007211999
46.078557,-118.276505,Walla Walla Community College,236887,5006,5006,0.12521099,0.09878844,0.012369398
46.048088,-118.389555,Walla Walla University,236896,3799,3799,0.060957801,0.20047723,0.012220651
40.873908,-81.369931,Walsh University,206437,3135,3135,0.049383417,0.1281978,0.006330845
35.610328,-82.442619,Warren Wilson College,199865,2979,2979,0.06592124,0.095885091,0.006320864
42.7277,-92.483387,Wartburg College,154527,1896,1896,0.03320574,0.23009655,0.007640526
38.986349,-77.000608,Washington Adventist University,162210,2067,2067,0.084367946,0.18934177,0.015974376
39.217329,-76.06878,Washington College,164216,2108,2108,0.033713829,0.36491436,0.01230266
34.187677,-101.730042,Wayland Baptist University,229780,3663,3663,0.14025079,0.1390229,0.019498071
42.241556,-97.015122,Wayne State College,181783,2566,2566,0.08358366,0.11837853,0.009894511
42.358994,-83.068998,Wayne State University,172644,2329,2329,0.12600836,0.19422808,0.024474362
39.899871,-80.186205,Waynesburg University,216694,3391,3391,0.10090327,0.23602778,0.023815975
38.588875,-90.345151,Webster University,179894,2521,2521,0.046681557,0.18641897,0.008702328
42.291554,-71.306605,Wellesley College,168218,2224,2224,0.055223361,0.43610975,0.024083447
42.742943,-76.696028,Wells College,197230,2901,2901,0.076454967,0.32175684,0.024599908
47.431234,-120.337198,Wenatchee Valley College,236975,3801,3801,0.13642414,0.11426026,0.015587857
39.163182,-75.527716,Wesley College,131098,1433,1433,0.098910347,0.24165021,0.023901707
41.554665,-72.657146,Wesleyan University,130697,1424,1424,0.041971348,0.46784791,0.019636208
40.164417,-80.602256,West Liberty University,237932,3823,3823,0.087068163,0.14825796,0.012908548
38.380541,-81.765034,West Virginia State University,237899,3826,3826,0.1396217,0.096917614,0.013531802
35.308979,-83.186258,Western Carolina University,200004,2981,2981,0.070328958,0.15790118,0.011105026
36.985035,-86.456828,Western Kentucky University,157951,2002,2002,0.10337527,0.13611117,0.014070529
39.186158,-119.79036,Western Nevada College,182564,10363,10363,0.12680697,0.095598429,0.012122547
42.115017,-72.520466,Western New England University,168254,2226,2226,0.038180862,0.52819979,0.020167124
32.7767,-108.283284,Western New Mexico University,188304,2664,2664,0.23116118,0.13372535,0.030912109
44.852235,-123.238309,Western Oregon University,210429,3209,3209,0.057862885,0.21638221,0.012520499
48.737812,-122.485734,Western Washington University,237011,3802,3802,0.033749826,0.33458623,0.011292228
42.132698,-72.796503,Westfield State University,168263,2189,2189,0.03940627,0.22829442,0.008996232
34.450151,-119.662517,Westmont College,125727,1341,1341,0.037199788,0.29336682,0.010913183
48.7939,-122.493253,Whatcom Community College,237039,10364,10364,0.092134424,0.16376242,0.015088156
46.069815,-118.331546,Whitman College,237057,3803,3803,0.027092017,0.32778928,0.008880473
33.978773,-118.032299,Whittier College,125763,1342,1342,0.078898013,0.37492299,0.029580679
47.753358,-117.416714,Whitworth University,237066,3804,3804,0.036984175,0.13569644,0.005018621
39.861689,-75.355363,Widener University,216852,3313,3313,0.060739812,0.33165863,0.020144884
41.244199,-75.890262,Wilkes University,216931,3394,3394,0.064467296,0.44662106,0.028792452
44.935457,-123.030537,Willamette University,210401,3227,3227,0.035010751,0.52419454,0.018352445
31.305264,-89.291815,William Carey University,176479,2447,2447,0.15107431,0.13485064,0.020372465
39.247844,-94.413126,William Jewell College,179955,2524,2524,0.036533825,0.15133664,0.005528906
35.789139,-78.637697,William Peace University,199272,2953,2953,0.060932606,0.11250123,0.006854993
38.860287,-91.950416,William Woods University,179964,2525,2525,0.046395678,0.06137063,0.002847332
42.712725,-73.203132,Williams College,168342,2229,2229,0.031959206,0.30870003,0.009865807
39.444744,-83.818342,Wilmington College,206507,3142,3142,0.072296314,0.1290458,0.009329536
39.682299,-75.586998,Wilmington University,131113,7948,7948,0.050092079,0.1672264,0.008376719
34.986064,-80.44305,Wingate University,199962,2985,2985,0.06865561,0.18071833,0.012407327
36.089554,-80.225033,Winston-Salem State University,199999,2986,2986,0.21012121,0.14410923,0.030280408
34.941515,-81.031404,Winthrop University,218964,3456,3456,0.07647299,0.18161322,0.013888506
43.036943,-88.022718,Wisconsin Lutheran College,240338,21366,21366,0.027858173,0.22509876,0.00627084
39.934029,-83.815445,Wittenberg University,206525,3143,3143,0.03152512,0.25323993,0.007983419
34.959411,-81.933568,Wofford College,218973,3457,3457,0.037601516,0.31451869,0.011826379
34.208011,-118.341147,Woodbury University,125897,1343,1343,0.18690574,0.34051168,0.06364359
42.274853,-71.808339,Worcester Polytechnic Institute,168421,2233,2233,0.032200336,0.67571968,0.021758402
39.149547,-84.47465,Xavier University,206622,3144,3144,0.026079178,0.32432073,0.008458018
41.311158,-72.926688,Yale University,130794,1426,1426,0.03632801,0.57303077,0.020817067
40.850605,-73.929873,Yeshiva University,197708,2903,2903,0.031594984,0.47529107,0.015016814
34.933523,-83.84587,Young Harris College,141361,1604,1604,0.05684774,0.059309553,0.003371614
41.104928,-80.64659,Youngstown State University,206695,3145,3145,0.093525417,0.14348567,0.013419556